-- phpMyAdmin SQL Dump
-- version 4.3.11
-- http://www.phpmyadmin.net
--
-- Host: 127.0.0.1
-- Erstellungszeit: 13. Jul 2015 um 16:15
-- Server-Version: 5.6.24
-- PHP-Version: 5.6.8

SET SQL_MODE = "NO_AUTO_VALUE_ON_ZERO";
SET AUTOCOMMIT = 0;
START TRANSACTION;
SET time_zone = "+00:00";


/*!40101 SET @OLD_CHARACTER_SET_CLIENT=@@CHARACTER_SET_CLIENT */;
/*!40101 SET @OLD_CHARACTER_SET_RESULTS=@@CHARACTER_SET_RESULTS */;
/*!40101 SET @OLD_COLLATION_CONNECTION=@@COLLATION_CONNECTION */;
/*!40101 SET NAMES utf8 */;

--
-- Datenbank: `brands4b_magento`
--

--
-- TRUNCATE Tabelle vor dem Einfügen `cms_block`
--

TRUNCATE TABLE `cms_block`;
--
-- Daten für Tabelle `cms_block`
--

INSERT INTO `cms_block` (`block_id`, `title`, `identifier`, `content`, `creation_time`, `update_time`, `is_active`) VALUES
(3, 'Electronics Landing', 'electronics-landing', '<div class="left" style="width: 284px; margin-right: 47px;">\r\n<h3 style="margin-bottom: 0;"><a href="{{store direct_url="electronics/cell-phones.html"}}"><img style="display: block; border: 0;" src="{{skin url=''images/media/head_electronics_cellphones.gif}}" alt="Cell Phones" /></a></h3>\r\n<p><a href="{{store direct_url="electronics/cell-phones.html"}}"><img usemap="#Map" src="{{skin url=''images/media/electronics_cellphones.jpg}}" border="0" alt="" /></a></p>\r\n</div>\r\n<div class="left" style="width: 284px;">\r\n<h3 style="margin-bottom: 0;"><a href="{{store direct_url="electronics/cameras/digital-cameras.html"}}"><img style="display: block; border: 0;" src="{{skin url=''images/media/head_electronics_digicamera.gif}}" alt="Digital Cameras" /></a></h3>\r\n<p><img usemap="#Map2" src="{{skin url=''images/media/electronics_digitalcameras.jpg}}" border="0" alt="" /></p>\r\n</div>\r\n<div class="right" style="width: 284px;">\r\n<h3 style="margin-bottom: 0;"><a href="{{store direct_url="electronics/computers/laptops.html"}}"><img style="display: block; border: 0;" src="{{skin url=''images/media/head_electronics_laptops.gif}}" alt="Laptops" /></a></h3>\r\n<p><img usemap="#Map3" src="{{skin url=''images/media/electronics_laptops.jpg}}" border="0" alt="" /></p>\r\n</div>\r\n<p>\r\n<map name="Map">\r\n<area shape="rect" coords="14,154,78,182" href="{{store direct_url=" />\r\n<area shape="rect" coords="12,177,80,209" href="{{store direct_url=" />\r\n<area shape="rect" coords="104,158,167,181" href="{{store direct_url=" />\r\n<area shape="rect" coords="103,181,179,208" href="{{store direct_url=" />\r\n<area shape="rect" coords="16,203,273,432" href="{{store direct_url=" /> \r\n</map>\r\n<map name="Map2">\r\n<area shape="rect" coords="14,152,75,179" href="{{store direct_url=" />\r\n<area shape="rect" coords="109,154,163,183" href="{{store direct_url=" />\r\n<area shape="rect" coords="14,177,73,208" href="{{store direct_url=" />\r\n<area shape="rect" coords="106,180,177,211" href="{{store direct_url=" /> \r\n</map>\r\n<map name="Map3">\r\n<area shape="rect" coords="15,155,58,179" href="{{store direct_url=" />\r\n<area shape="rect" coords="114,152,159,180" href="{{store direct_url=" />\r\n<area shape="rect" coords="13,178,67,205" href="{{store direct_url=" />\r\n<area shape="rect" coords="114,180,178,205" href="{{store direct_url=" />\r\n<area shape="rect" coords="13,310,154,434" href="{{store direct_url=" />\r\n<area shape="rect" coords="167,310,279,440" href="{{store direct_url=" /> \r\n</map>\r\n</p>', '2007-08-28 12:33:10', '2015-07-13 09:16:32', 1),
(4, 'Cellphones Landing', 'cellphones-landing', '<a href="{{store direct_url="electronics/cell-phones/sony-ericsson-w810i.html"}}"><img src="{{skin url=''images/media/cell_phone_landing_banner1.jpg}}" alt=""/></a>', '2007-08-28 12:59:44', '2015-07-13 09:16:32', 1),
(5, 'Footer Links', 'footer_links', '<div>&nbsp;</div>', '2007-08-30 12:01:52', '2015-07-13 09:16:32', 0),
(6, 'Slideshow', 'position-1', '<div class=" ja-topsl_left">{{block type="joomlart_jmslideshow/list" name="jmslideshow" template="joomlart/jmslideshow/list.phtml" }}</div>', '2011-11-10 03:21:24', '2015-07-13 09:16:33', 1),
(7, 'Rechts-oben', 'position-2', '<div class=" static-top1">\r\n<div class=" bg-color">\r\n<div class="inner1">{{widget type="cms/widget_page_link" anchor_text="Mehr &raquo;&raquo;" title="Lesen Sie mehr" template="cms/widget/link/link_block.phtml" page_id="9"}}</div>\r\n</div>\r\n</div>', '2011-11-10 03:22:18', '2015-07-13 09:16:33', 1),
(8, 'Rechts-unten', 'position-3', '<div class=" static-top2">\r\n<div class=" bg-color">\r\n<div class="inner1"><br />{{widget type="catalog/product_widget_link" anchor_text="Mehr &raquo;&raquo;" title="Lesen Sie mehr" template="catalog/product/widget/link/link_block.phtml" id_path="product/2983"}}</div>\r\n</div>\r\n</div>', '2011-11-10 06:41:54', '2015-07-13 09:16:33', 1),
(9, 'Position-4', 'position-4', '<div class=" ja-topsl_bottom">\r\n<ul><!-- BLOCK 1 -->\r\n<li><a style="display: block;" href="/versandbedingungen"> <img style="float: left;" alt="Kostenlase Lieferung" src="{{media url="wysiwyg/position4-versandarten.png"}}" /> <span class="color-text1">KOSTENLOSE</span><br /><span class="color-text2">LIEFERUNG</span><br /><span class="color-text4">AB 50,- EUR WARENWERT!</span> </a></li>\r\n<!-- BLOCK 2 -->\r\n<li><a style="display: block;" href="/zahlarten"> <img style="float: left;" alt="Bezahlm&ouml;glichkeiten" src="{{media url="wysiwyg/position4-zahlarten.png"}}" /> <span class="color-text1">Unsere</span><br /><span class="color-text2">Bezahlm&ouml;glichkeiten</span><br /><span class="color-text4">Sicher und Bequem!</span> </a></li>\r\n<!-- BLOCK 3 -->\r\n<li><a style="display: block;" href="/ueber_uns"> <span class="color-text1">&Uuml;ber 20.000 ARTIKEL</span><br /> <span class="color-text2">Vom Fachh&auml;ndler</span><br /><span class="color-text4">Direkt vom Lager!</span> </a></li>\r\n<!-- BLOCK 4 -->\r\n<li class="last"><a style="display: block; cursor: pointer;" href="/newsletter"> <img style="float: left;" alt="Newsletter" src="{{media url="wysiwyg/position4-newsletter.png"}}" /> <span class="color-text1">Newsletter</span><br /> <span class="color-text2">ABONIEREN</span><br /><span class="color-text4">10,- &euro; GUTSCHEIN SICHERN!</span> </a></li>\r\n</ul>\r\n</div>', '2011-11-10 07:04:10', '2015-07-13 13:53:31', 1),
(10, 'More Great Deals', 'position-5', '<div>{{block type="joomlart_jmproductsdeal/list" name="home.jmproductsdeal.list.right" template="joomlart/jmproductsdeal/right_col.phtml" mode="grid" quanlity="3" perrow="1" width=180 height=180 max="" showproductleft=0 showitemsold=0 showsaleenddate=0 showsaveamount=0 title="More great Deals" }}</div>', '2011-11-10 07:04:51', '2015-07-13 09:16:34', 1),
(11, 'Position-6', 'position-6', '<div class=" col-1">\r\n<div class="block block-list">\r\n<div class="block-title"><strong> <span>Kontakt</span> </strong></div>\r\n<div class="block-content white">\r\n<ol>\r\n<li>Paaschburg &amp; Wunderlich GmbH</li>\r\n<li>Wendenstra&szlig;e 349</li>\r\n<li>D-20537 Hamburg</li>\r\n<li>E-Mail: <a href="mailto:service@brands4bikes.de">service@brands4bikes.de</a></li>\r\n</ol>\r\n</div>\r\n</div>\r\n</div>', '2011-11-10 08:56:53', '2015-07-13 09:16:34', 1),
(12, 'Position-7', 'position-7', '<div class=" col-2">{{block type="newsletter/subscribe" name="left.newsletter" template="newsletter/subscribe.phtml" }}</div>', '2011-11-10 09:01:58', '2015-07-13 09:16:35', 1),
(13, 'Position-8', 'position-8', '<div class=" col-3">\r\n<div class="block block-list">\r\n<div class="block-title"><strong> <span>Folge uns</span> </strong></div>\r\n<div class="block-content">\r\n<div class="socail-footer"><a class="facebook" title="facebook" href="#"><span>Facebook</span></a> <a class="twitter" title="Twitter" href="#"><span>Twitter</span></a> <!--\r\n<a class="flickr" title="flickr" href="#"><span>Flickr</span></a> \r\n--> <a class="feed" title="Feed" href="#"><span>Feed</span></a></div>\r\n</div>\r\n</div>\r\n</div>', '2011-11-10 09:02:32', '2015-07-13 09:16:35', 1),
(14, 'Position-9', 'position-9', '<div class=" col-4">\r\n<div class="block block-list">\r\n<div class="block-title"><strong> <span>Shopping</span> </strong></div>\r\n<div class="block-content"><ol>\r\n<li><a title="Mein Warenkorb" href="/checkout/cart">Mein Warenkorb</a></li>\r\n<li><a title="Mein Konto " href="/customer/account">Mein Konto</a></li>\r\n<li><a title="Bestellstatus" href="/sales/order/history/">Bestellstatus</a></li>\r\n<li><a title="Unsere Marken" href="/produktmarke.html">Unsere Marken</a></li>\r\n</ol></div>\r\n</div>\r\n</div>', '2011-11-10 09:03:54', '2015-07-13 09:16:35', 1),
(15, 'Position-10', 'position-10', '<div class=" col-5">\r\n<div class="block block-list">\r\n<div class="block-title"><strong><span> Information </span> </strong></div>\r\n<div class="block-content"><ol>\r\n<li><a title="&Uuml;ber uns" href="/ueber_uns">&Uuml;ber uns</a></li>\r\n<li><a title="Impressum" href="/impressum">Impressum</a></li>\r\n<li><a title="AGB" href="/agb">AGB</a></li>\r\n<li><a title="Datenschutz" href="/datenschutz">Datenschutz</a></li>\r\n</ol></div>\r\n</div>\r\n</div>', '2011-11-28 02:34:46', '2015-07-13 09:16:36', 1),
(16, 'Position-11', 'position-11', '<div class="block">\r\n<div class="block-content"><img alt="Wolf Schmidt" src="{{media url="wysiwyg/14.1_21.png"}}" /></div>\r\n</div>', '2011-11-28 02:49:48', '2015-07-13 09:16:36', 1),
(17, 'Services', 'services', '<ul class="megamenu level2">\r\n<li class="mega first"><a class="mega first" href="#"> <span class="menu-title"> Online Photo &amp; Video Services </span> </a></li>\r\n<li class="mega"><a class="mega" href="#"> <span class="menu-title"> Meomory Finder </span> </a></li>\r\n<li class="mega"><a class="mega" href="#"> <span class="menu-title"> Batteries &amp; Power </span> </a></li>\r\n<li class="mega"><a class="mega" href="#"> <span class="menu-title"> Flannel for Business </span> </a></li>\r\n<li class="mega"><a class="mega" href="#"> <span class="menu-title"> Learning Center </span> </a></li>\r\n<li class="mega last"><a class="mega last" href="#"> <span class="menu-title"> Camcorders Services </span> </a></li>\r\n</ul>', '2013-01-14 03:09:48', '2015-07-13 09:16:36', 1),
(18, 'Lemmon Slider (Logos)', 'lemmon-slider', '<!-- Necessary HTML -->\r\n<div class="jm-lemmon-slider">\r\n<div id="jm-slider-main" class="slider">\r\n<ul>\r\n<li><a title="HIGHSIDER" href="highsider.html"><img alt="HIGHSIDER" src="{{media url="wysiwyg/logo/highsider.png"}}" /></a></li>\r\n<li><a title="MOTOBATT" href="motobatt.html"><img alt="MOTOBATT" src="{{media url="wysiwyg/logo/motobatt.png"}}" /></a></li>\r\n<li><a title="TAKKONI" href="takkoni.html"><img alt="TAKKONI" src="{{media url="wysiwyg/logo/takkoni.png"}}" /></a></li>\r\n<li><a title="SW MOTECH" href="swmotech.html"><img alt="SW MOTECH" src="{{media url="wysiwyg/logo/sw_motech.png"}}" /></a></li>\r\n<li><a title="MOTO PROFESSIONAL" href="motoprofessional.html"><img alt="MOTO PROFESSIONAL" src="{{media url="wysiwyg/logo/moto_professional.png"}}" /></a></li>\r\n<li><a title="SHIN YO" href="shinyo.html"><img alt="SHIN YO" src="{{media url="wysiwyg/logo/shinyo.png"}}" /></a></li>\r\n<li><a title="FERODO" href="ferodo.html"><img alt="FERODO" src="{{media url="wysiwyg/logo/ferodo.png"}}" /></a></li>\r\n<li><a title="HIGHWAY HAWK" href="highwayhawk.html"><img alt="HIGHWAY HAWK" src="{{media url="wysiwyg/logo/highway_hawk.png"}}" /></a></li>\r\n<li><a title="IXIL" href="ixil.html"><img alt="IXIL" src="{{media url="wysiwyg/logo/ixil.png"}}" /></a></li>\r\n</ul>\r\n</div>\r\n<div class="controls"><a class="prev-slide" href="#">Prev Slide</a> <a class="next-slide" href="#">Next Slide</a></div>\r\n</div>\r\n<script type="text/javascript">// <![CDATA[\r\njQuery(window).load(function(){\r\n			jQuery( ''#jm-slider-main'' ).lemmonSlider({''infinite'' : true});\r\n                        sliderAutoplay();\r\n	});\r\n        // slider autoplay function\r\n      function sliderAutoplay(){\r\n          jQuery( ''#jm-slider-main'' ).trigger( ''nextSlide'' );\r\n          sliderTimeout = setTimeout(''sliderAutoplay()'', 6000 );\r\n      }\r\n\r\n    function sliderPause(){\r\n        clearTimeout( sliderTimeout );\r\n}\r\n// ]]></script>', '2013-01-14 07:16:19', '2015-07-13 09:16:37', 1),
(19, 'Cookie restriction notice', 'cookie_restriction_notice_block', '<p>This website requires cookies to provide all of its features. For more information on what data is contained in the cookies, please see our <a href="{{store direct_url="privacy-policy-cookie-restriction-mode"}}">Privacy Policy page</a>. To accept cookies from this site, please click the Allow button below.</p>', '2014-07-18 06:43:34', '2015-07-13 09:16:37', 1),
(20, 'Mein Bike', 'mein-bike', '<div class="flyout--choose-bike js__toggleContent-item" id="mybike-flyout-form">\r\n		<form name="bike-selection-overlay" data-search-by-name-url="/m/ajax/json/search-by-name" data-select-from-list-url="/m/ajax/json/select-from-list" id="js__requestData-header" class="js__formValidation js__handleViaAjax" novalidate="" method="post" action="/m/ajax/json/set-bike-from-overlay"><fieldset>\r\n	<legend>\r\n		Bitte wählen Sie Ihr Bike aus	</legend>\r\n	<input type="hidden" value="" name="bike">\r\n	<ul class="numbered-list">\r\n		<li class="choose-bike__step numbered-list__item">\r\n			<span class="nr">1</span>\r\n			<div class="input-container">\r\n				<select required="required" data-type="data" data-next="biketype" class="form-element" id="bikedb-flyout-manufacturer" name="bike-selection-fieldset[manufacturer]" size="1"><option label="- Hersteller -" selected="selected" value="">- Hersteller -</option>\r\n<option label="BMW" value="2">BMW</option>\r\n<option label="HONDA" value="6">HONDA</option>\r\n<option label="KAWASAKI" value="7">KAWASAKI</option>\r\n<option label="SUZUKI" value="13">SUZUKI</option>\r\n<option label="YAMAHA" value="15">YAMAHA</option>\r\n<option label="----------------" disabled="disabled" value="-">----------------</option>\r\n<option label="ADLY" value="16">ADLY</option>\r\n<option label="AEON" value="17">AEON</option>\r\n<option label="APRILIA" value="1">APRILIA</option>\r\n<option label="ARCTIC CAT" value="19">ARCTIC CAT</option>\r\n<option label="ATALA" value="102">ATALA</option>\r\n<option label="BAJAJ" value="20">BAJAJ</option>\r\n<option label="BAOTIAN" value="103">BAOTIAN</option>\r\n<option label="BAROSSA" value="21">BAROSSA</option>\r\n<option label="Beeline" value="166">Beeline</option>\r\n<option label="BENELLI" value="22">BENELLI</option>\r\n<option label="BENZHOU" value="104">BENZHOU</option>\r\n<option label="BETA" value="23">BETA</option>\r\n<option label="BIMOTA" value="24">BIMOTA</option>\r\n<option label="BOMBARDIER" value="25">BOMBARDIER</option>\r\n<option label="BSA" value="26">BSA</option>\r\n<option label="BUELL" value="27">BUELL</option>\r\n<option label="BUFFALO" value="106">BUFFALO</option>\r\n<option label="CAGIVA" value="3">CAGIVA</option>\r\n<option label="CAN AM" value="108">CAN AM</option>\r\n<option label="CPI" value="31">CPI</option>\r\n<option label="DAELIM" value="33">DAELIM</option>\r\n<option label="DERBI" value="34">DERBI</option>\r\n<option label="DUCATI" value="4">DUCATI</option>\r\n<option label="E-TON" value="38">E-TON</option>\r\n<option label="ERING" value="113">ERING</option>\r\n<option label="EXPLORER (A.T.U.)" value="114">EXPLORER (A.T.U.)</option>\r\n<option label="FANTIC" value="116">FANTIC</option>\r\n<option label="FLEX TECH" value="117">FLEX TECH</option>\r\n<option label="GARELLI" value="118">GARELLI</option>\r\n<option label="GAS GAS" value="41">GAS GAS</option>\r\n<option label="GENERIC" value="42">GENERIC</option>\r\n<option label="GILERA" value="44">GILERA</option>\r\n<option label="HARLEY DAVIDSON" value="5">HARLEY DAVIDSON</option>\r\n<option label="HEINKEL" value="172">HEINKEL</option>\r\n<option label="HERKULES" value="45">HERKULES</option>\r\n<option label="HOREX" value="122">HOREX</option>\r\n<option label="HUATIAN" value="124">HUATIAN</option>\r\n<option label="HUSABERG" value="47">HUSABERG</option>\r\n<option label="HUSQVARNA" value="48">HUSQVARNA</option>\r\n<option label="HYOSUNG" value="49">HYOSUNG</option>\r\n<option label="INDIAN" value="173">INDIAN</option>\r\n<option label="ITALJET" value="50">ITALJET</option>\r\n<option label="JACKFOX" value="125">JACKFOX</option>\r\n<option label="JAWA" value="51">JAWA</option>\r\n<option label="Jonway" value="168">Jonway</option>\r\n<option label="KEEWAY" value="55">KEEWAY</option>\r\n<option label="KREIDLER" value="57">KREIDLER</option>\r\n<option label="KTM" value="8">KTM</option>\r\n<option label="KVN" value="58">KVN</option>\r\n<option label="KYMCO" value="59">KYMCO</option>\r\n<option label="LAMBRETTA" value="60">LAMBRETTA</option>\r\n<option label="LAVERDA" value="9">LAVERDA</option>\r\n<option label="LIBERTA" value="177">LIBERTA</option>\r\n<option label="LIFAN" value="62">LIFAN</option>\r\n<option label="LINHAI" value="129">LINHAI</option>\r\n<option label="LML" value="130">LML</option>\r\n<option label="MALAGUTI" value="63">MALAGUTI</option>\r\n<option label="MBK" value="65">MBK</option>\r\n<option label="MKS" value="136">MKS</option>\r\n<option label="MORINI" value="67">MORINI</option>\r\n<option label="MOTO GUZZI" value="10">MOTO GUZZI</option>\r\n<option label="MV Agusta" value="70">MV Agusta</option>\r\n<option label="MZ" value="11">MZ</option>\r\n<option label="NORTON" value="71">NORTON</option>\r\n<option label="PEGASUS" value="73">PEGASUS</option>\r\n<option label="PEUGEOT" value="75">PEUGEOT</option>\r\n<option label="PGO" value="76">PGO</option>\r\n<option label="PIAGGIO/VESPA" value="12">PIAGGIO/VESPA</option>\r\n<option label="POLARIS" value="77">POLARIS</option>\r\n<option label="QUADRO" value="171">QUADRO</option>\r\n<option label="QUINGQI" value="149">QUINGQI</option>\r\n<option label="REX" value="80">REX</option>\r\n<option label="RIEJU" value="81">RIEJU</option>\r\n<option label="RIVERO" value="82">RIVERO</option>\r\n<option label="ROYAL ENFIELD" value="39">ROYAL ENFIELD</option>\r\n<option label="SFM (SACHS)" value="83">SFM (SACHS)</option>\r\n<option label="SIAMOTO" value="152">SIAMOTO</option>\r\n<option label="SIMSON" value="84">SIMSON</option>\r\n<option label="Sinnis" value="169">Sinnis</option>\r\n<option label="SKY TEAM" value="85">SKY TEAM</option>\r\n<option label="SYM" value="88">SYM</option>\r\n<option label="TAURIS" value="155">TAURIS</option>\r\n<option label="TGB" value="156">TGB</option>\r\n<option label="TRIUMPH" value="14">TRIUMPH</option>\r\n<option label="VICTORY" value="159">VICTORY</option>\r\n<option label="VOXAN" value="94">VOXAN</option>\r\n<option label="Wuyang" value="170">Wuyang</option>\r\n<option label="XINGFU" value="96">XINGFU</option>\r\n<option label="ZHONGYU" value="164">ZHONGYU</option>\r\n<option label="ZONGSHEN" value="97">ZONGSHEN</option>\r\n<option label="ZUENDAPP" value="165">ZUENDAPP</option></select>			</div>\r\n			<span class="clear"></span>\r\n		</li>\r\n		<li class="choose-bike__step numbered-list__item">\r\n			<span class="nr">2</span>\r\n			<div class="input-container">\r\n				<select required="required" data-type="data" class="form-element" data-next="capacity" id="bikedb-flyout-biketype" name="bike-selection-fieldset[biketype]" size="1"><option label="- Fahrzeugart -" selected="selected" value="">- Fahrzeugart -</option></select>			</div>\r\n			<span class="clear"></span>\r\n		</li>\r\n		<li class="choose-bike__step numbered-list__item">\r\n			<span class="nr">3</span>\r\n			<div class="input-container">\r\n				<select required="required" data-type="data" class="form-element" data-next="bikes" id="bikedb-flyout-capacity" name="bike-selection-fieldset[capacity]" size="1"><option label="- Hubraum in ccm -" selected="selected" value="">- Hubraum in ccm -</option></select>			</div>\r\n			<span class="clear"></span>\r\n		</li>\r\n		<li class="choose-bike__step choose-bike__step--model numbered-list__item box"><span class="nr">4</span>\r\n			<div class="helper">\r\n				<p class="sortby-label">\r\n					Sortieren nach:				</p>\r\n				<div class="option-container odd">\r\n					<input type="radio" checked="checked" value="capacity" id="bikedb-flyout-sortby-capacity" class="bike-selection-sortby" name="bike-selection-fieldset[sortby]"><label for="bikedb-flyout-sortby-capacity">Hubraum</label>				</div>\r\n				<div class="option-container even">\r\n					<input type="radio" checked="checked" value="title" id="bikedb-flyout-sortby-title" class="bike-selection-sortby" name="bike-selection-fieldset[sortby]"><label for="bikedb-flyout-sortby-title">Modellbezeichnung</label>				</div>\r\n				<span class="clear"></span>\r\n				<div class="input-container">\r\n					<select required="required" disabled="disabled" data-empty-option-title="- Ihr Modell -" class="form-element disabled" id="bikedb-select-flyout-result" name="bike-selection-fieldset[bikes]" size="1"><option label="- Ihr Modell -" selected="selected" value="">- Ihr Modell -</option></select>				</div>\r\n				<p id="mybike-flyout-select-error" class="attention"></p>\r\n				<input type="submit" value="Bike speichern" name="save-bike" class="button ">\r\n			</div>\r\n		</li>\r\n	</ul>\r\n</fieldset>\r\n<div class="text-container flyout--choose-bike__additional bikedb-select-flyout__actions">\r\n	<p>\r\n		Um die nachfolgende Funktionalität nutzen zu können, müssen Sie sich zunächst in „Mein Louis“ anmelden.	</p>\r\n	<p>\r\n		» <a href="/m/ajax/json/save-mylouis-bikes" data-prevent="true">\r\n			Bikes in „Mein Louis” speichern		</a>\r\n	</p>\r\n	<p>\r\n		» <a href="/m/ajax/json/load-mylouis-bikes" data-prevent="true">Bikes aus „Mein Louis” laden</a>\r\n	</p>\r\n</div>\r\n</form>	</div>', '2015-05-04 08:31:53', '2015-07-13 09:16:37', 1),
(21, 'Onestepcheckout - Top Static Block', 'onestepcheckout_top_block', '<div style="border : 1px solid; padding: 20px; margin-top: 20px;">\r\n        <p> Onestepcheckout - Top Static Block. Edit content of this block from Admin panel > CMS > Static Blocks.\r\n        Hide it by set value of the config [Admin panel > Configuration > Lotusbreath > OnstepCheckout > Content > Display top static block] to "No"\r\n        </p></div>', '2015-06-11 08:14:29', '2015-07-13 09:16:37', 1),
(22, 'Onestepcheckout - Bottom Static Block', 'onestepcheckout_bottom_block', '<div style="border : 1px solid; padding: 20px; margin-top: 20px;">\r\n        <p> Onestepcheckout - Bottom Static Block. Edit content of this block from Admin panel > CMS > Static Blocks.\r\n        Hide it by set value of  the config [Admin panel > Configuration > Lotusbreath > OnstepCheckout > Content > Display bottom static block] to "No"\r\n\r\n        </p></div>', '2015-06-11 08:14:30', '2015-07-13 09:16:38', 1);

--
-- TRUNCATE Tabelle vor dem Einfügen `cms_block_store`
--

TRUNCATE TABLE `cms_block_store`;
--
-- Daten für Tabelle `cms_block_store`
--

INSERT INTO `cms_block_store` (`block_id`, `store_id`) VALUES
(3, 0),
(4, 0),
(5, 0),
(12, 0),
(17, 0),
(19, 0),
(21, 0),
(22, 0),
(6, 1),
(7, 1),
(8, 1),
(9, 1),
(10, 1),
(11, 1),
(13, 1),
(14, 1),
(15, 1),
(16, 1),
(18, 1),
(20, 1);

--
-- TRUNCATE Tabelle vor dem Einfügen `cms_page`
--

TRUNCATE TABLE `cms_page`;
--
-- Daten für Tabelle `cms_page`
--

INSERT INTO `cms_page` (`page_id`, `title`, `root_template`, `meta_keywords`, `meta_description`, `identifier`, `content_heading`, `content`, `creation_time`, `update_time`, `is_active`, `sort_order`, `layout_update_xml`, `custom_theme`, `custom_root_template`, `custom_layout_update_xml`, `custom_theme_from`, `custom_theme_to`) VALUES
(1, '404 Not Found 1', 'one_column', 'Page keywords', 'Page description', 'no-route', NULL, '<div id="jm-error">\r\n<div class="page-head-alt">\r\n<h3>Die gew&uuml;nschte Seite konnte leider nicht gefunden werden. M&ouml;glich Ursachen...</h3>\r\n</div>\r\n<dl><dd>\r\n<ul class="disc">\r\n<li>Die Addresse wurde nicht korrekt eingegeben.</li>\r\n<li>Ein interner Link ist nicht mehr aktuell.</li>\r\n</ul>\r\n</dd></dl><dl><dt>Was kannst Du tun?</dt><dt></dt><dd>\r\n<ul class="disc">\r\n<li><a onclick="history.go(-1);" href="#">Gehe zur&uuml;ck</a> auf die vorherige Seite.</li>\r\n<li>Nutze die Suchfunktion um zu Deinem Produkt zu gelangen.</li>\r\n<li>Nutze einen der folgenden Links.<br /><br /><a style="margin-right: 20px;" href="{{store url=""}}">Brands4Bikes Startseite</a><br /><a href="{{store url="customer/account"}}">Mein Konto</a></li>\r\n</ul>\r\n</dd></dl></div>', '2007-06-20 16:38:32', '2015-07-13 10:40:32', 1, 0, NULL, NULL, NULL, NULL, NULL, NULL),
(2, 'Home page', 'two_columns_left', NULL, NULL, 'home', NULL, '{{block type="joomlart_jmproductsslider/list" name="home.jmproductsslider" template="joomlart/jmproductsslider/list.phtml" }} {{widget type="cms/widget_block" template="cms/widget/static_block/default.phtml" block_id="18"}} {{block type="joomlart_jmproducts/list" name="home.jmproducts.list" template="joomlart/jmproducts/list.phtml" }}</p>', '2007-08-23 08:03:25', '2015-05-05 11:26:11', 1, 0, ' <!-- Bottom Spotlight - topsl -->\r\n				<reference name="topsl">\r\n					<block type="cms/block" name="position-1">\r\n						<action method="setBlockId"><block_id>position-1</block_id></action>\r\n					</block>\r\n					\r\n					<block type="cms/block" name="position-2">\r\n						<action method="setBlockId"><block_id>position-2</block_id></action>\r\n					</block>\r\n					<block type="cms/block" name="position-3">\r\n						<action method="setBlockId"><block_id>position-3</block_id></action>\r\n					</block>\r\n					<block type="cms/block" name="position-4">\r\n						<action method="setBlockId"><block_id>position-4</block_id></action>\r\n					</block>\r\n					\r\n				</reference>\r\n				<!-- Bottom Spotlight - topsl -->\r\n\r\n<reference name="left">\r\n            <block type="catalog/navigation" name="catalog.leftnav" before="-" template="catalog/navigation/left.phtml"/>\r\n</reference>\r\n\r\n <reference name="content">\r\n             <block type="joomlart_jmcategorylist/list" name="jmcategorylist" template="joomlart/jmcategorylist/list.phtml" />\r\n</reference>\r\n\r\n\r\n        \r\n				', NULL, NULL, NULL, NULL, NULL),
(3, 'Über uns', 'two_columns_left', NULL, NULL, 'ueber_uns', 'Über uns', '<h2>Paaschburg &amp; Wunderlich</h2>\r\n<h3>Mehr als 20.000 Produkte f&uuml;r den Motorrad-Fachhandel</h3>\r\n<p>Auf etwa 2.000 Quadratmeter Lagerfl&auml;che halten wir f&uuml;r Sie &uuml;ber 20.000 unterschiedliche Artikel bereit. Ob Zubeh&ouml;r, Ersatzteile, Pflegemittel, Wekstattbedarf oder Verschlei&szlig;teile - bei uns finden Sie den passenden Artikel. Unser starkes Verkaufsteam steht Ihnen kompetent zur Seite und ist jederzeit gern bereit Ihre Fragen und Anregungen entgegen zu nehmen. Hohe Artikelverf&uuml;gbarkeit, kurze Lieferzeiten und kompetente Beratung sind die Garanten f&uuml;r Ihre Zufriedenheit.</p>', '2007-08-30 12:01:18', '2015-07-13 10:14:36', 1, 0, '<reference name="left">\r\n            <block type="catalog/navigation" name="catalog.leftnav" before="-" template="catalog/navigation/left.phtml"/>\r\n</reference>', NULL, NULL, NULL, NULL, NULL),
(6, 'Enable Cookies', 'one_column', '', '', 'enable-cookies', '', '<div class="std">\r\n    <ul class="messages">\r\n        <li class="notice-msg">\r\n            <ul>\r\n                <li>Please enable cookies in your web browser to continue.</li>\r\n            </ul>\r\n        </li>\r\n    </ul>\r\n    <div class="page-head">\r\n        <h3><a name="top"></a>What are Cookies?</h3>\r\n    </div>\r\n    <p>Cookies are short pieces of data that are sent to your computer when you visit a website. On later visits, this data is then returned to that website. Cookies allow us to recognize you automatically whenever you visit our site so that we can personalize your experience and provide you with better service. We also use cookies (and similar browser data, such as Flash cookies) for fraud prevention and other purposes. If your web browser is set to refuse cookies from our website, you will not be able to complete a purchase or take advantage of certain features of our website, such as storing items in your Shopping Cart or receiving personalized recommendations. As a result, we strongly encourage you to configure your web browser to accept cookies from our website.</p>\r\n    <h3>Enabling Cookies</h3>\r\n    <ul>\r\n        <li><a href="#ie7">Internet Explorer 7.x</a></li>\r\n        <li><a href="#ie6">Internet Explorer 6.x</a></li>\r\n        <li><a href="#firefox">Mozilla/Firefox</a></li>\r\n        <li><a href="#opera">Opera 7.x</a></li>\r\n    </ul>\r\n    <h4><a name="ie7"></a>Internet Explorer 7.x</h4>\r\n    <ol>\r\n        <li>\r\n            <p>Start Internet Explorer</p>\r\n        </li>\r\n        <li>\r\n            <p>Under the <strong>Tools</strong> menu, click <strong>Internet Options</strong></p>\r\n            <p><img src="{{skin url="images/cookies/ie7-1.gif"}}" alt="" /></p>\r\n        </li>\r\n        <li>\r\n            <p>Click the <strong>Privacy</strong> tab</p>\r\n            <p><img src="{{skin url="images/cookies/ie7-2.gif"}}" alt="" /></p>\r\n        </li>\r\n        <li>\r\n            <p>Click the <strong>Advanced</strong> button</p>\r\n            <p><img src="{{skin url="images/cookies/ie7-3.gif"}}" alt="" /></p>\r\n        </li>\r\n        <li>\r\n            <p>Put a check mark in the box for <strong>Override Automatic Cookie Handling</strong>, put another check mark in the <strong>Always accept session cookies </strong>box</p>\r\n            <p><img src="{{skin url="images/cookies/ie7-4.gif"}}" alt="" /></p>\r\n        </li>\r\n        <li>\r\n            <p>Click <strong>OK</strong></p>\r\n            <p><img src="{{skin url="images/cookies/ie7-5.gif"}}" alt="" /></p>\r\n        </li>\r\n        <li>\r\n            <p>Click <strong>OK</strong></p>\r\n            <p><img src="{{skin url="images/cookies/ie7-6.gif"}}" alt="" /></p>\r\n        </li>\r\n        <li>\r\n            <p>Restart Internet Explore</p>\r\n        </li>\r\n    </ol>\r\n    <p class="a-top"><a href="#top">Back to Top</a></p>\r\n    <h4><a name="ie6"></a>Internet Explorer 6.x</h4>\r\n    <ol>\r\n        <li>\r\n            <p>Select <strong>Internet Options</strong> from the Tools menu</p>\r\n            <p><img src="{{skin url="images/cookies/ie6-1.gif"}}" alt="" /></p>\r\n        </li>\r\n        <li>\r\n            <p>Click on the <strong>Privacy</strong> tab</p>\r\n        </li>\r\n        <li>\r\n            <p>Click the <strong>Default</strong> button (or manually slide the bar down to <strong>Medium</strong>) under <strong>Settings</strong>. Click <strong>OK</strong></p>\r\n            <p><img src="{{skin url="images/cookies/ie6-2.gif"}}" alt="" /></p>\r\n        </li>\r\n    </ol>\r\n    <p class="a-top"><a href="#top">Back to Top</a></p>\r\n    <h4><a name="firefox"></a>Mozilla/Firefox</h4>\r\n    <ol>\r\n        <li>\r\n            <p>Click on the <strong>Tools</strong>-menu in Mozilla</p>\r\n        </li>\r\n        <li>\r\n            <p>Click on the <strong>Options...</strong> item in the menu - a new window open</p>\r\n        </li>\r\n        <li>\r\n            <p>Click on the <strong>Privacy</strong> selection in the left part of the window. (See image below)</p>\r\n            <p><img src="{{skin url="images/cookies/firefox.png"}}" alt="" /></p>\r\n        </li>\r\n        <li>\r\n            <p>Expand the <strong>Cookies</strong> section</p>\r\n        </li>\r\n        <li>\r\n            <p>Check the <strong>Enable cookies</strong> and <strong>Accept cookies normally</strong> checkboxes</p>\r\n        </li>\r\n        <li>\r\n            <p>Save changes by clicking <strong>Ok</strong>.</p>\r\n        </li>\r\n    </ol>\r\n    <p class="a-top"><a href="#top">Back to Top</a></p>\r\n    <h4><a name="opera"></a>Opera 7.x</h4>\r\n    <ol>\r\n        <li>\r\n            <p>Click on the <strong>Tools</strong> menu in Opera</p>\r\n        </li>\r\n        <li>\r\n            <p>Click on the <strong>Preferences...</strong> item in the menu - a new window open</p>\r\n        </li>\r\n        <li>\r\n            <p>Click on the <strong>Privacy</strong> selection near the bottom left of the window. (See image below)</p>\r\n            <p><img src="{{skin url="images/cookies/opera.png"}}" alt="" /></p>\r\n        </li>\r\n        <li>\r\n            <p>The <strong>Enable cookies</strong> checkbox must be checked, and <strong>Accept all cookies</strong> should be selected in the &quot;<strong>Normal cookies</strong>&quot; drop-down</p>\r\n        </li>\r\n        <li>\r\n            <p>Save changes by clicking <strong>Ok</strong></p>\r\n        </li>\r\n    </ol>\r\n    <p class="a-top"><a href="#top">Back to Top</a></p>\r\n</div>\r\n', '2009-07-09 02:10:43', '2009-07-09 02:10:43', 1, 0, NULL, NULL, '', NULL, NULL, NULL),
(8, 'Datenschutz', 'two_columns_left', NULL, NULL, 'datenschutz', 'Datenschutz', '<h3 class="darkgrey">Erhebung, Verarbeitung und Nutzung personenbezogener Daten</h3>\r\n<p>Der Schutz Ihrer Daten liegt uns am Herzen. Um unseren online-shop zu besuchen, m&uuml;ssen Sie keine Daten angeben. Wir speichern lediglich anonymisierte Zugriffsdaten ohne Personenbezug, wie z.B. Namen Ihres Internetserviceproviders, die Seite, von der aus Sie uns besuchen oder den Namen der angeforderten Datei. Zur Datenerhebung k&ouml;nnen dabei cookies eingesetzt werden, die allerdings ebenfalls die Daten ausschlie&szlig;lich in anonymer oder pseudonymer Form erheben und speichern und keinen R&uuml;ckschluss auf Ihre Person erlauben. Personenbezogene Daten erheben wir nur, wenn Sie uns diese im Zuge des Bestellvorgangs, bei Er&ouml;ffnung eines Kundenkontos oder bei der Registrierung f&uuml;r unseren Newsletter freiwillig mitteilen. Wir verwenden die erhobenen Daten ausschlie&szlig;lich zur Abwicklung des Vertrages. Nach vollst&auml;ndiger Vertragsabwicklung werden Ihre Daten gesperrt und nach Ablauf der steuer- und handelsrechtlichen Vorschriften gel&ouml;scht, sofern Sie nicht ausdr&uuml;cklich einer dar&uuml;ber hinausgehenden Datenverwendung zugestimmt haben. Wenn Sie sich mit Ihrer Emailadresse f&uuml;r unseren monatlichen Newsletter anmelden, nutzen wir Ihre Emailadresse f&uuml;r eigene Werbezwecke, bis Sie sich vom Newsletter-Bezug abmelden.</p>\r\n<h3 class="darkgrey">Datensicherheit</h3>\r\n<p>Ihre personenbezogenen Daten sind bei uns sicher! Sie werden verschl&uuml;sselt und an uns &uuml;bertragen. Unsere Webseiten sind durch technische Ma&szlig;nahmen gegen Besch&auml;digung, Zerst&ouml;rung, unberechtigten Zugriff gesch&uuml;tzt.</p>\r\n<h3 class="darkgrey">Auskunfts- &amp; Widerrufsrecht</h3>\r\n<p>Sie erhalten jederzeit ohne Angaben von Gr&uuml;nden kostenfrei Auskunft &uuml;ber Ihre bei uns gespeicherten Daten. Sie k&ouml;nnen jederzeit Ihre bei uns erhobenen Daten sperren, berichtigen oder l&ouml;schen lassen. Sie k&ouml;nnen jederzeit die uns erteilten Einwilligung zur Datenerhebung und Verwendung ohne Angaben von Gr&uuml;nden widerrufen. Wenden Sie dazu an sales@pwonline.de.</p>\r\n<h3 class="darkgrey">Datenschutzerkl&auml;rung f&uuml;r die Nutzung von Facebook-Plugins (Like-Button)</h3>\r\n<p>Auf unseren Seiten sind Plugins des sozialen Netzwerks Facebook, 1601 South California Avenue, Palo Alto, CA 94304, USA integriert. Die Facebook-Plugins erkennen Sie an dem Facebook-Logo oder dem "Like-Button" ("Gef&auml;llt mir&ldquo;) auf unserer Seite. Eine &Uuml;bersicht &uuml;ber die Facebook-Plugins finden Sie hier: <a href="http://developers.facebook.com/docs/plugins/" target="_blank">http://developers.facebook.com/docs/plugins/</a>. Wenn Sie unsere Seiten besuchen, wird &uuml;ber das Plugin eine direkte Verbindung zwischen Ihrem Browser und dem Facebook-Server hergestellt. Facebook erh&auml;lt dadurch die Information, dass Sie mit Ihrer IP-Adresse unsere Seite besucht haben. Wenn Sie den Facebook &bdquo;Like-Button&ldquo; anklicken w&auml;hrend Sie in Ihrem Facebook-Account eingeloggt sind, k&ouml;nnen Sie die Inhalte unserer Seiten auf Ihrem Facebook-Profil verlinken. Dadurch kann Facebook den Besuch unserer Seiten Ihrem Benutzerkonto zuordnen. Wir weisen darauf hin, dass wir als Anbieter der Seiten keine Kenntnis vom Inhalt der &uuml;bermittelten Daten sowie deren Nutzung durch Facebook erhalten. Weitere Informationen hierzu finden Sie in der Datenschutzerkl&auml;rung von facebook unter <a href="http://de-de.facebook.com/policy.php" target="_blank">http://de-de.facebook.com/policy.php</a><br />Wenn Sie nicht w&uuml;nschen, dass Facebook den Besuch unserer Seiten Ihrem Facebook-Nutzerkonto zuordnen kann, loggen Sie sich bitte aus Ihrem Facebook-Benutzerkonto aus.<br />Quelle: Facebook-Disclaimer von eRecht24.de</p>\r\n<h3 class="darkgrey">Datenschutzerkl&auml;rung f&uuml;r die Nutzung von XING-Plugins (XING Share-Button)</h3>\r\n<p>Auf dieser Internetseite wird der &bdquo;XING Share-Button&ldquo; eingesetzt. Beim Aufruf dieser Internetseite wird &uuml;ber Ihren Browser kurzfristig eine Verbindung zu Servern der XING AG (&bdquo;XING&ldquo;) aufgebaut, mit denen die &bdquo;XING Share-Button&ldquo;-Funktionen (insbesondere die Berechnung/Anzeige des Z&auml;hlerwerts) erbracht werden. XING speichert keine personenbezogenen Daten von Ihnen &uuml;ber den Aufruf dieser Internetseite. XING speichert insbesondere keine IP-Adressen. Es findet auch keine Auswertung Ihres Nutzungsverhaltens &uuml;ber die Verwendung von Cookies im Zusammenhang mit dem &bdquo;XING Share-Button&ldquo; statt. Die jeweils aktuellen Datenschutzinformationen zum &bdquo;XING Share-Button&ldquo; und erg&auml;nzende Informationen k&ouml;nnen Sie auf dieser Internetseite abrufen: <a href="https://www.xing.com/app/share?op=data_protection" target="_blank">https://www.xing.com/app/share?op=data_protection</a></p>\r\n<h3 class="darkgrey">Datenschutzhinweis f&uuml;r die Verwendung von Twitter Social Bookmarks</h3>\r\n<p>Unsere Internetseite verwendet Social Bookmarks des sozialen Netzwerkes twitter.com ("Twitter&ldquo;), welche von der<br /> <strong>Twitter, Inc.<br /> 795 Folsom St., Suite 600<br /> San Francisco, CA 94107</strong><br /> betrieben werden. Die Bookmarks sind mit einem Twitter-Logo gekennzeichnet.<br /> Beim Anklicken eines solchen Bookmarks baut Ihr Browser eine direkte Verbindung mit den Servern von Twitter auf. Durch die Einbindung der Bookmarks erh&auml;lt Twitter die Information, dass sie die entsprechende Seite unseres Internetangebotes aufgerufen haben. Sind Sie bei Twitter eingeloggt, kann Twitter den Besuch Ihrem Twitter-Konto zuordnen. Zweck und Umfang der Datenerhebung und die weitere Verarbeitung und Nutzung der Daten durch Twitter sowie Ihre diesbez&uuml;glichen Rechte und Einstellungsm&ouml;glichkeiten zum Schutz Ihrer Privatssph&auml;re entnehmen Sie bitte den Datenschutzhinweisen von Twitter. Wenn sie nicht m&ouml;chten, dass Twitter &uuml;ber unseren Internetauftritt Daten &uuml;ber sie sammelt, m&uuml;ssen sie sich vor Ihrem Besuch unserer Webseite bei Twitter ausloggen und ggf. durch Twitter gesetzte Cookies auf Ihrem PC l&ouml;schen.</p>\r\n<h3 class="darkgrey">Datenschutzerkl&auml;rung f&uuml;r die Nutzung von Google Analytics</h3>\r\n<p>Diese Website benutzt Google Analytics, einen Webanalysedienst der Google Inc. (&bdquo;Google&ldquo;). Google Analytics verwendet sog. &bdquo;Cookies&ldquo;, Textdateien, die auf Ihrem Computer gespeichert werden und die eine Analyse der Benutzung der Website durch Sie erm&ouml;glichen. Die durch den Cookie erzeugten Informationen &uuml;ber Ihre Benutzung dieser Website werden in der Regel an einen Server von Google in den USA &uuml;bertragen und dort gespeichert. Im Falle der Aktivierung der IP-Anonymisierung auf dieser Webseite, wird Ihre IP-Adresse von Google jedoch innerhalb von Mitgliedstaaten der Europ&auml;ischen Union oder in anderen Vertragsstaaten des Abkommens &uuml;ber den Europ&auml;ischen Wirtschaftsraum zuvor gek&uuml;rzt. Nur in Ausnahmef&auml;llen wird die volle IP-Adresse an einen Server von Google in den USA &uuml;bertragen und dort gek&uuml;rzt. Im Auftrag des Betreibers dieser Website wird Google diese Informationen benutzen, um Ihre Nutzung der Website auszuwerten, um Reports &uuml;ber die Websiteaktivit&auml;ten zusammenzustellen und um weitere mit der Websitenutzung und der Internetnutzung verbundene Dienstleistungen gegen&uuml;ber dem Websitebetreiber zu erbringen. Die im Rahmen von Google Analytics von Ihrem Browser &uuml;bermittelte IP-Adresse wird nicht mit anderen Daten von Google zusammengef&uuml;hrt. Sie k&ouml;nnen die Speicherung der Cookies durch eine entsprechende Einstellung Ihrer Browser-Software verhindern; wir weisen Sie jedoch darauf hin, dass Sie in diesem Fall gegebenenfalls nicht s&auml;mtliche Funktionen dieser Website vollumf&auml;nglich werden nutzen k&ouml;nnen. Sie k&ouml;nnen dar&uuml;ber hinaus die Erfassung der durch das Cookie erzeugten und auf Ihre Nutzung der Website bezogenen Daten (inkl. Ihrer IP-Adresse) an Google sowie die Verarbeitung dieser Daten durch Google verhindern, indem sie das unter dem folgenden Link verf&uuml;gbare Browser-Plugin herunterladen und installieren <a href="http://tools.google.com/dlpage/gaoptout?hl=de" target="_blank">http://tools.google.com/dlpage/gaoptout?hl=de</a>. <br /> N&auml;here Informationen dazu finden Sie unter <a href="http://tools.google.com/dlpage/gaoptout?hl=de" target="_blank">http://tools.google.com/dlpage/gaoptout?hl=de</a> bzw. <a href="http://www.google.com/intl/de/analytics/privacyoverview.html" target="_blank">http://www.google.com/intl/de/analytics/privacyoverview.html</a> (allgemeine Informationen zu Google Analytics und Datenschutz). Wir weisen Sie darauf hin, dass auf dieser Webseite Google Analytics um den Code &bdquo;gat._anonymizeIp();&ldquo; erweitert wurde, um die IP-Adressen zu anonymisieren, wobei das letzte Oktett gel&ouml;scht wird.</p>', '2013-01-04 01:20:06', '2015-07-13 10:13:53', 1, 0, '<reference name="left">\r\n            <block type="catalog/navigation" name="catalog.leftnav" before="-" template="catalog/navigation/left.phtml"/>\r\n</reference>', NULL, NULL, NULL, NULL, NULL),
(9, 'Deals List Page', 'two_columns_right', NULL, NULL, 'deals-list', NULL, '<div>{{block type="joomlart_jmproductsdeal/list" name="home.jmproductsdeal.list" template="joomlart/jmproductsdeal/list.phtml" mode="list" title="Daily Deals" perrow=1 quanlity=2 showproductleft=1 showitemsold=1 width=280 height=280 max=600 }}</div>', '2013-01-10 04:01:29', '2013-01-29 02:33:05', 1, 0, '<reference name="right">\r\n            <remove name="right.reports.product.viewed" />\r\n            <remove name="right.reports.product.compared" />\r\n            <remove name="cart_sidebar" />\r\n           <block type="cms/block" name="position-5">\r\n		<action method="setBlockId"><block_id>position-5</block_id></action>\r\n	   </block>\r\n</reference>', NULL, NULL, NULL, NULL, NULL),
(10, 'Deals Grid Page', 'two_columns_left', NULL, NULL, 'deals-grid', NULL, '<div>{{block type="joomlart_jmproductsdeal/list" name="home.jmproductsdeal.list" template="joomlart/jmproductsdeal/list.phtml" width=297 height=297 }}</div>', '2013-01-29 01:05:02', '2015-04-29 07:38:50', 1, 0, '<reference name="left">\r\n            <remove name="right.reports.product.viewed" />\r\n            <remove name="right.reports.product.compared" />\r\n            <remove name="cart_sidebar" />\r\n           <block type="cms/block" name="position-5">\r\n		<action method="setBlockId"><block_id>position-5</block_id></action>\r\n	   </block>\r\n</reference>', NULL, NULL, NULL, NULL, NULL),
(11, 'AGB', 'two_columns_left', NULL, NULL, 'agb', 'Allgemeine Geschäftsbedingungen der Paaschburg & Wunderlich GmbH', '<h3 class="red">I. Angebot und Vertragsabschlu&szlig;</h3>\r\n<p>Nachfolgende Vertragsbedingungen gelten f&uuml;r alle Kaufvertr&auml;ge mit unseren Abnehmern. Abweichende Gesch&auml;ftsbedingungen unserer Abnehmer sind f&uuml;r uns nur verbindlich, sofern wir diese ausdr&uuml;cklich schriftlich anerkannt haben. Unsere Angebote sind hinsichtlich Preis, Liefertermin und sonstigem Inhalt freibleibend. M&uuml;ndlich erteilte Ausk&uuml;nfte unserer Mitarbeiter werden nur dann verbindlich, wenn wir diese schriftlich best&auml;tigen. Unsere Waren sind als Reproduktionen zu behandeln, auch wenn sie aus den gleichen Fabriken kommen, aus denen Erstausr&uuml;ster beziehen. Die in unserem Katalog aufgef&uuml;hrten Hersteller- und Pr&uuml;fnummern dienen nur als &bdquo;Vergleichsnummern&ldquo;. In Rechnungen an den Endverbraucher d&uuml;rfen sie nicht erscheinen. Bei Bestellungen sind ausschlie&szlig;lich unsere eigenen Bestellnummern ma&szlig;geblich. Alle angebotenen Artikel, die &uuml;ber kein T&Uuml;V-Gutachten oder &uuml;ber keine ABE-Nummer bzw. E-Nummer verf&uuml;gen, sind im Geltungsbereich der STVZO der Bundesrepublik Deutschland nicht zul&auml;ssig.</p>\r\n<h3 class="red">II. Lieferung</h3>\r\n<p>Teillieferungen sind zul&auml;ssig. Nicht gelieferte Artikel haben wir nur dann in R&uuml;ckstand genommen, wenn dieses ausdr&uuml;cklich auf der Rechnung vermerkt ist. In allen anderen F&auml;llen bestellen Sie diese Artikel ggf. bitte neu.</p>\r\n<h3 class="red">III. Versand</h3>\r\n<p>Der Versand der Waren (gleiches gilt f&uuml;r etwaige R&uuml;cksendungen) erfolgt auf Kosten (soweit unsere Vertragsbedingungen nichts anderes vorsehen) und Gefahr des Bestellers. Die Versandart steht in unserem Ermessen. Wir &uuml;bernehmen keine Gew&auml;hr f&uuml;r den billigsten Versand.</p>\r\n<h3 class="red">IV. Preise und Zahlungsbedingungen</h3>\r\n<p>Unsere Preise verstehen sich ab Lager zuz&uuml;glich MwSt.<br />Versandkosten<br />Innerhalb Deutschlands: Bei Bestellungen mit einem Netto-Warenwert unter &euro; 100,&ndash; berechnen wir z. Zt. &euro; 6,99 Versandkosten. Bestellungen mit einem Netto-Warenwert &uuml;ber &euro; 100,&ndash; sind versandkostenfrei.<br />Bei Bestellungen &uuml;ber &euro; 350,&ndash; Netto-Warenwert liefern wir in folgende L&auml;nder versandkostenfrei: Belgien, D&auml;nemark, Finnland, Frankreich, Gro&szlig;britannien, Italien, Liechtenstein, Luxemburg, Niederlande, &Ouml;sterreich, Polen, Rum&auml;nien, Schweden, Schweiz, Slowakei, Slowenien, Spanien, Tschechien und Ungarn. Bei Bestellungen unter einem Netto-Warenwert von &euro; 350,&ndash; berechnen wir die tats&auml;chlich anfallenden Versandkosten.Bei Bestellungen &uuml;ber &euro; 1.000,&ndash; Netto-Warenwert liefern wir in folgende L&auml;nder versandkostenfrei: Bulgarien, Estland, Griechenland, Irland, Lettland, Litauen, Norwegen und Portugal. Bei Bestellungen unter einem Netto-Warenwert von &euro; 1.000,&ndash; berechnen wir die tats&auml;chlich anfallenden Versandkosten.Bei allen Lieferungen auf Inseln (Kanaren, Balearen, Azoren etc.) fallen immer Inselzuschl&auml;ge an. Diese sind jeweils vom Kunden zu tragen.<br />Bei Lieferungen in Nicht-EU-L&auml;nder fallen Verzollungskosten an. Diese Kosten werden dem Kunden in Rechnung gestellt.<br />Nachnahmegeb&uuml;hren: Die Nachnahmegeb&uuml;hren werden immer f&auml;llig, unabh&auml;ngig vom bestellten Warenwert. Sie werden getrennt berechnet und kommen zu den eventuell anfallenden Versandkosten hinzu. Die Nachnahmegeb&uuml;hren betragen z. Zt. &euro; 6,50 pro Paket innerhalb Deutschlands und z. Zt. &euro; 9,&ndash; pro Paket f&uuml;r Lieferungen ins Ausland. Sofern keine besonderen schriftlichen Vereinbarungen bestehen, sind unsere Rechnungen per Nachnahme (Nachnahmegeb&uuml;hren gehen stets zu Lasten des Kunden) oder per SEPA-Lastschrift zu zahlen. F&Uuml;r die Vorank&uuml;ndigung des SEPA-Lastschrfiteinzuges /Prenotification) gilt eine verk&uuml;rzte Frist von 2 Kalendertagen.Wir stellen stets die am Tage der Lieferung g&uuml;ltigen Preise in Rechnung.</p>\r\n<h3 class="red">V. Eigentumsvorbehalt</h3>\r\n<p>Die Ware bleibt bis zur vollst&auml;ndigen Bezahlung unser Eigentum. Der K&auml;ufer darf die Vorbehaltsware im Rahmen des ordnungsgem&auml;&szlig;en Gesch&auml;ftsbetriebes unter Eigentumsvorbehalt oder gegen Barzahlung ver&auml;u&szlig;ern. Nicht vollst&auml;ndig bezahlte Ware darf nicht sicherungs&uuml;bereignet oder verpf&auml;ndet werden.</p>\r\n<h3 class="red">VI. Beanstandungen und Gew&auml;hrleistung</h3>\r\n<p>Beanstandungen wegen unvollst&auml;ndiger oder unrichtiger Lieferung oder R&uuml;gen wegen erkennbarer M&auml;ngel sind unverz&uuml;glich, sp&auml;testens jedoch 14 Tage nach Erhalt der Ware schriftlich geltend zu machen. Bei nicht rechtzeitiger Mitteilung von Beanstandungen oder M&auml;ngelr&uuml;gen gilt die Lieferung als genehmigt. &Auml;nderungen in Konstruktion oder Ausf&uuml;hrung entsprechen dem jeweiligen Stand der Technik. &Auml;nderungen, die wir oder unser Zulieferer nach Erscheinen unseres letzten g&uuml;ltigen Kataloges vornehmen und die die Qualit&auml;t und Funktionsf&auml;higkeit des Liefergegenstandes nicht beeintr&auml;chtigen, berechtigen nicht zu einer Beanstandung. Bei berechtigten Beanstandungen liefern wir nach unserer Wahl Ersatz oder bessern nach. F&uuml;r Folgesch&auml;den wird keine Haftung &uuml;bernommen. Es wird keine Gew&auml;hr &uuml;bernommen f&uuml;r Sch&auml;den, die dadurch entstehen, dass der Liefergegenstand von fremder Seite oder durch den Einbau von Teilen fremder Herkunft ver&auml;ndert wird, dass der Liefergegenstand fehlerhaft in Betrieb gesetzt wird oder dass mangelhafte Bauausf&uuml;hrungen vorliegen. Die Gew&auml;hrleistung erlischt ferner, wenn gesetzliche oder von uns bzw. unseren Lieferanten erlassene Einbau- und Behandlungsvorschriften nicht befolgt werden.</p>\r\n<h3 class="red">VII. Warenr&uuml;ckgabe</h3>\r\n<p>Neue, originalverpackte Ware nehmen wir bei Erstattung des vollen Warenwertes innerhalb von 4 Wochen zur&uuml;ck. Einzige Ausnahmen sind Sonderbestellungen, diese k&ouml;nnen wir leider nicht zur&uuml;cknehmen. R&uuml;cksendungen m&uuml;ssen f&uuml;r uns frachtfrei erfolgen. Die R&uuml;cknahme eines Artikels beinhaltet keine Garantieanerkennung unsererseits, sondern erfolgt vielmehr aus Kulanz. Weitergehende Anspr&uuml;che entstehen hierdurch nicht.</p>\r\n<h3 class="red">VIII. Erf&uuml;llungsort und Gerichtsstand</h3>\r\n<p>Erf&uuml;llungsort und Gerichtsstand ist Hamburg. Es bleibt uns jedoch unbenommen, den Besteller an dem f&uuml;r seinen Sitz zust&auml;ndigen Gericht zu verklagen.</p>\r\n<h3 class="red">IX. Salvatorische Klausel</h3>\r\n<p>Bei Unwirksamkeit einzelner Abreden dieses Vertrages bleibt die Wirksamkeit der &uuml;brigen Vertragsbestimmungen unber&uuml;hrt. Unwirksame Abreden sind durch solche zu ersetzen, die in rechtlich zul&auml;ssiger Weise dem mit der jeweils unwirksamen Abrede verfolgten wirtschaftlichen Zweck m&ouml;glichst nahe kommen.</p>\r\n<p><strong>Paaschburg &amp; Wunderlich GmbH</strong><br /> Wendenstrasse 439<br /> D-20537 Hamburg<br /> Tel.: +49 (0) 40 / 248 277 0<br /> FAX: +49 (0) 40 / 248 277 79<br /> E-Mail: <a class="red" href="mailto:info@pwonline.de">info@pwonline.de</a><br /> Internet: <a class="red" href="http://www.pwonline.de">www.pwonline.de</a></p>', '2015-05-05 13:13:31', '2015-07-13 10:13:41', 1, 0, '<reference name="left">\r\n            <block type="catalog/navigation" name="catalog.leftnav" before="-" template="catalog/navigation/left.phtml"/>\r\n</reference>', NULL, NULL, NULL, NULL, NULL),
(12, 'Impressum', 'two_columns_left', NULL, NULL, 'impressum', 'Impressum', '<h1 class="red">Impressum</h1>\r\n<h2>Verantwortlich gem&auml;&szlig; &sect;6 TDG und inhaltlich verantwortlicher gem&auml;&szlig; &sect; 10 Absatz 3 MDStV:</h2>\r\n<h3 class="red">Paaschburg &amp; Wunderlich GmbH</h3>\r\n<p>Gesch&auml;ftsf&uuml;hrer: Dr. Oliver Moosmayer</p>\r\n<p>Wendenstra&szlig;e 349<br />D-20537 Hamburg<br /><br />Reg. Hamburg Nr. HRB 46.289<br />Tax-No.: 4674900738<br />VAT-ID.No.: DE118679499</p>\r\n<p>Phone: +49 (0) 40 248 277 - 0<br />Fax: +49 (0) 40 248 277 - 79<br />Email: <a href="mailto:info@pwonline.de">info@pwonline.de</a></p>\r\n<h2 class="red">Haftungsausschluss</h2>\r\n<h3>1. Inhalt des Onlineangebotes</h3>\r\n<p>Die Autoren &uuml;bernehmen keinerlei Gew&auml;hr f&uuml;r die Aktualit&auml;t, Korrektheit, Vollst&auml;ndigkeit oder Qualit&auml;t der bereitgestellten Informationen. Haftungsanspr&uuml;che gegen die Autoren, die sich auf Sch&auml;den materieller oder ideeller Art beziehen, welche durch die Nutzung oder Nichtnutzung der dargebotenen Informationen bzw. durch die Nutzung fehlerhafter und unvollst&auml;ndiger Informationen verursacht wurden sind grunds&auml;tzlich ausgeschlossen, sofern seitens der Autoren kein nachweislich vors&auml;tzliches oder grob fahrl&auml;ssiges Verschulden vorliegt. Alle Angebote sind freibleibend und unverbindlich. Die Autoren beh&auml;lt es sich ausdr&uuml;cklich vor, Teile der Seiten oder das gesamte Angebot ohne gesonderte Ank&uuml;ndigung zu ver&auml;ndern, zu erg&auml;nzen, zu l&ouml;schen oder die Ver&ouml;ffentlichung zeitweise oder endg&uuml;ltig einzustellen.</p>\r\n<h3>2. Verweise und Links</h3>\r\n<p>Sofern auf Verweisziele (Links) direkt oder indirekt verwiesen wird, die au&szlig;erhalb des Verantwortungsbereiches der Autoren liegen, haftet dieser nur dann, wenn er von den Inhalten Kenntnis hat und es ihm technisch m&ouml;glich und zumutbar w&auml;re, die Nutzung im Falle rechtswidriger Inhalte zu verhindern. F&uuml;r dar&uuml;ber hinausgehende Inhalte und insbesondere f&uuml;r Sch&auml;den, die aus der Nutzung oder Nichtnutzung solcherart dargebotener Informationen entstehen, haftet allein der Anbieter der Seite, auf welche verwiesen wurde, nicht derjenige, der &uuml;ber Links auf die jeweilige Ver&ouml;ffentlichung lediglich verweist. Diese Einschr&auml;nkung gilt gleicherma&szlig;en auch f&uuml;r Fremdeintr&auml;ge in von den Autoren eingerichteten G&auml;steb&uuml;chern, Diskussionsforen und Mailinglisten.</p>\r\n<h3>3. Urheberrecht</h3>\r\n<p>Die Autoren sind bestrebt, in allen Publikationen die Urheberrechte der verwendeten Grafiken, Tondokumente, Videosequenzen und Texte zu beachten, von ihm selbst erstellte Grafiken, Tondokumente, Videosequenzen und Texte zu nutzen oder auf lizenzfreie Grafiken, Tondokumente, Videosequenzen und Texte zur&uuml;ckzugreifen. Das Copyright f&uuml;r ver&ouml;ffentlichte, von den Autoren selbst erstellte Objekte bleibt allein bei den jeweiligen Autoren der Seiten. Eine Vervielf&auml;ltigung oder Verwendung solcher Grafiken, Tondokumente, Videosequenzen und Texte in anderen elektronischen oder gedruckten Publikationen ist ohne ausdr&uuml;ckliche Zustimmung der Autoren nicht gestattet.</p>\r\n<h3>4. Rechtswirksamkeit dieses Haftungsausschlusses</h3>\r\n<p>Dieser Haftungsausschluss ist als Teil des Internetangebotes zu betrachten, von dem aus auf diese Seite verwiesen wurde. Sofern Teile oder einzelne Formulierungen dieses Textes der geltenden Rechtslage nicht, nicht mehr oder nicht vollst&auml;ndig entsprechen sollten, bleiben die &uuml;brigen Teile des Dokumentes in ihrem Inhalt und ihrer G&uuml;ltigkeit davon unber&uuml;hrt.</p>\r\n<p><i>Hamburg, 31.05.2012</i></p>', '2015-07-13 09:58:18', '2015-07-13 10:14:25', 1, 0, '<reference name="left">\r\n            <block type="catalog/navigation" name="catalog.leftnav" before="-" template="catalog/navigation/left.phtml"/>\r\n</reference>', NULL, NULL, NULL, NULL, NULL),
(13, 'Versandbedingungen', 'two_columns_left', NULL, NULL, 'versandbedingungen', 'Versandbedingungen', '<p>Lorem ipsum dolor sit amet, consetetur sadipscing elitr, sed diam nonumy eirmod tempor invidunt ut labore et dolore magna aliquyam erat, sed diam voluptua. At vero eos et accusam et justo duo dolores et ea rebum. Stet clita kasd gubergren, no sea takimata sanctus est Lorem ipsum dolor sit amet. Lorem ipsum dolor sit amet, consetetur sadipscing elitr, sed diam nonumy eirmod tempor invidunt ut labore et dolore magna aliquyam erat, sed diam voluptua. At vero eos et accusam et justo duo dolores et ea rebum. Stet clita kasd gubergren, no sea takimata sanctus est Lorem ipsum dolor sit amet. Lorem ipsum dolor sit amet, consetetur sadipscing elitr, sed diam nonumy eirmod tempor invidunt ut labore et dolore magna aliquyam erat, sed diam voluptua. At vero eos et accusam et justo duo dolores et ea rebum. Stet clita kasd gubergren, no sea takimata sanctus est Lorem ipsum dolor sit amet. <br /><br />Duis autem vel eum iriure dolor in hendrerit in vulputate velit esse molestie consequat, vel illum dolore eu feugiat nulla facilisis at vero eros et accumsan et iusto odio dignissim qui blandit praesent luptatum zzril delenit augue duis dolore te feugait nulla facilisi. Lorem ipsum dolor sit amet, consectetuer adipiscing elit, sed diam nonummy nibh euismod tincidunt ut laoreet dolore magna aliquam erat volutpat. <br /><br />Ut wisi enim ad minim veniam, quis nostrud exerci tation ullamcorper suscipit lobortis nisl ut aliquip ex ea commodo consequat. Duis autem vel eum iriure dolor in hendrerit in vulputate velit esse molestie consequat, vel illum dolore eu feugiat nulla facilisis at vero eros et accumsan et iusto odio dignissim qui blandit praesent luptatum zzril delenit augue duis dolore te feugait nulla facilisi.</p>', '2015-07-13 13:14:36', '2015-07-13 13:15:17', 1, 0, '<reference name="left">\r\n            <block type="catalog/navigation" name="catalog.leftnav" before="-" template="catalog/navigation/left.phtml"/>\r\n</reference>', NULL, NULL, NULL, NULL, NULL),
(14, 'Zahlarten', 'two_columns_left', NULL, NULL, 'zahlarten', 'Zahlarten', '<p>Lorem ipsum dolor sit amet, consetetur sadipscing elitr, sed diam nonumy eirmod tempor invidunt ut labore et dolore magna aliquyam erat, sed diam voluptua. At vero eos et accusam et justo duo dolores et ea rebum. Stet clita kasd gubergren, no sea takimata sanctus est Lorem ipsum dolor sit amet. Lorem ipsum dolor sit amet, consetetur sadipscing elitr, sed diam nonumy eirmod tempor invidunt ut labore et dolore magna aliquyam erat, sed diam voluptua. At vero eos et accusam et justo duo dolores et ea rebum. Stet clita kasd gubergren, no sea takimata sanctus est Lorem ipsum dolor sit amet. Lorem ipsum dolor sit amet, consetetur sadipscing elitr, sed diam nonumy eirmod tempor invidunt ut labore et dolore magna aliquyam erat, sed diam voluptua. At vero eos et accusam et justo duo dolores et ea rebum. Stet clita kasd gubergren, no sea takimata sanctus est Lorem ipsum dolor sit amet. <br /><br />Duis autem vel eum iriure dolor in hendrerit in vulputate velit esse molestie consequat, vel illum dolore eu feugiat nulla facilisis at vero eros et accumsan et iusto odio dignissim qui blandit praesent luptatum zzril delenit augue duis dolore te feugait nulla facilisi. Lorem ipsum dolor sit amet, consectetuer adipiscing elit, sed diam nonummy nibh euismod tincidunt ut laoreet dolore magna aliquam erat volutpat. <br /><br />Ut wisi enim ad minim veniam, quis nostrud exerci tation ullamcorper suscipit lobortis nisl ut aliquip ex ea commodo consequat. Duis autem vel eum iriure dolor in hendrerit in vulputate velit esse molestie consequat, vel illum dolore eu feugiat nulla facilisis at vero eros et accumsan et iusto odio dignissim qui blandit praesent luptatum zzril delenit augue duis dolore te feugait nulla facilisi.</p>', '2015-07-13 13:16:05', '2015-07-13 13:16:05', 1, 0, '<reference name="left">\r\n            <block type="catalog/navigation" name="catalog.leftnav" before="-" template="catalog/navigation/left.phtml"/>\r\n</reference>', NULL, NULL, NULL, NULL, NULL),
(15, 'Newsletter', 'two_columns_left', NULL, NULL, 'newsletter', 'Newsletter', '<p>Ut wisi enim ad minim veniam, quis nostrud exerci tation ullamcorper suscipit lobortis nisl ut aliquip ex ea commodo consequat. Duis autem vel eum iriure dolor in hendrerit in vulputate velit esse molestie consequat, vel illum dolore eu feugiat nulla facilisis at vero eros et accumsan et iusto odio dignissim qui blandit praesent luptatum zzril delenit augue duis dolore te feugait nulla facilisi.</p>\r\n{{block type="core/template" template="newsletter/subscribe-site.phtml"}}', '2015-07-13 13:21:21', '2015-07-13 14:15:23', 1, 0, '<reference name="left">\r\n            <block type="catalog/navigation" name="catalog.leftnav" before="-" template="catalog/navigation/left.phtml"/>\r\n</reference>', NULL, NULL, NULL, NULL, NULL);

--
-- TRUNCATE Tabelle vor dem Einfügen `cms_page_store`
--

TRUNCATE TABLE `cms_page_store`;
--
-- Daten für Tabelle `cms_page_store`
--

INSERT INTO `cms_page_store` (`page_id`, `store_id`) VALUES
(6, 0),
(9, 0),
(1, 1),
(2, 1),
(3, 1),
(8, 1),
(10, 1),
(11, 1),
(12, 1),
(13, 1),
(14, 1),
(15, 1);
COMMIT;

/*!40101 SET CHARACTER_SET_CLIENT=@OLD_CHARACTER_SET_CLIENT */;
/*!40101 SET CHARACTER_SET_RESULTS=@OLD_CHARACTER_SET_RESULTS */;
/*!40101 SET COLLATION_CONNECTION=@OLD_COLLATION_CONNECTION */;
